{
    "car_summary": {
        "n_cars": 200,
        "sum_travel_time": 3872.022305727005,
        "min_travel_time": 10.66951847076416,
        "max_travel_time": 32.66013145446777,
        "sum_total_distance": 20256,
        "sum_free_flow_time": 2025.5999999999942,
        "sum_waiting_at_lights": 1181.3999999999996,
        "sum_waiting_behind_cars": 1148.6
    },
    "traffic_light_summary": {
        "n_active_traffic_lights": 15,
        "avg_number_of_cycles": 9.666666666666666,
        "avg_leaving_cars_per_cycle": 3.7183993783993783,
        "avg_queue_pressure": 2.89976430976431,
        "sum_tolerance_built_up": 997.6000000000046,
        "total_time_lost": 85.79999999999998,
        "green_light_utilization_per_tl_per_cycle": {
            "tl10@localhost": [
                0.0,
                0.0,
                0.0,
                0.0,
                0.09,
                0.0,
                0.0,
                0.0,
                0.0,
                0.0,
                0.15,
                0.0,
                0.0
            ],
            "tl11@localhost": [
                0.0,
                0.5,
                0.56,
                0.58,
                0.57,
                0.58,
                0.15,
                0.0,
                0.0
            ],
            "tl13@localhost": [],
            "tl15@localhost": [
                0.0,
                0.0,
                0.44,
                0.53,
                0.56,
                0.5,
                0.44,
                0.54,
                0.15,
                0.0
            ],
            "tl17@localhost": [
                0.0,
                0.0,
                0.08,
                0.28,
                0.06,
                0.38,
                0.29,
                0.0,
                0.3,
                0.33,
                0.0,
                0.0
            ],
            "tl18@localhost": [
                0.0,
                0.29,
                0.2,
                0.35,
                0.2,
                0.3,
                0.0,
                0.0,
                0.0
            ],
            "tl1@localhost": [
                0.0,
                0.0,
                0.0,
                0.0,
                0.0,
                0.3,
                0.0,
                0.0,
                0.17,
                0.0,
                0.0,
                0.0
            ],
            "tl20@localhost": [
                0.0,
                0.0,
                0.0,
                0.0,
                0.09,
                0.08,
                0.09,
                0.15,
                0.0,
                0.0
            ],
            "tl21@localhost": [
                0.0,
                0.0,
                0.0,
                0.0,
                0.0,
                0.15,
                0.0,
                0.0,
                0.15,
                0.0,
                0.0,
                0.0
            ],
            "tl23@localhost": [
                0.0,
                0.0,
                0.0,
                0.0,
                0.0,
                0.08,
                0.0,
                0.15,
                0.0,
                0.0,
                0.15,
                0.0,
                0.0
            ],
            "tl4@localhost": [],
            "tl5@localhost": [
                0.0,
                0.0,
                0.0,
                0.0,
                0.0,
                0.08,
                0.3,
                0.15,
                0.0,
                0.0,
                0.12,
                0.15,
                0.0
            ],
            "tl7@localhost": [
                0.0,
                0.08,
                0.28,
                0.38,
                0.33,
                0.3,
                0.33,
                0.0,
                0.0
            ],
            "tl8@localhost": [
                0.0,
                0.0,
                0.28,
                0.08,
                0.25,
                0.38,
                0.0,
                0.18,
                0.35,
                0.0,
                0.0
            ],
            "tl9@localhost": [
                0.0,
                0.0,
                0.0,
                0.0,
                0.08,
                0.33,
                0.17,
                0.0,
                0.25,
                0.15
            ]
        },
        "global_green_light_utilization": 0.21
    },
    "total_simulation_duration": 90.28016757965088
}