{
    "car_summary": {
        "n_cars": 200,
        "sum_travel_time": 6224.079205274582,
        "min_travel_time": 13.858513832092285,
        "max_travel_time": 61.062487840652466,
        "sum_total_distance": 33646,
        "sum_free_flow_time": 3364.5999999999995,
        "sum_waiting_at_lights": 2437.799999999999,
        "sum_waiting_behind_cars": 1718.5999999999995
    },
    "traffic_light_summary": {
        "n_active_traffic_lights": 19,
        "avg_number_of_cycles": 10,
        "avg_leaving_cars_per_cycle": 6.617366972100555,
        "avg_queue_pressure": 3.8085253149616847,
        "sum_tolerance_built_up": 2112.9000000000065,
        "total_time_lost": 112.79999999999997,
        "green_light_utilization_per_tl_per_cycle": {
            "tl10@localhost": [
                0.0,
                0.0,
                0.0,
                0.0,
                0.0,
                0.21,
                0.08,
                0.0,
                0.12,
                0.15,
                0.2,
                0.0,
                0.22,
                0.09,
                0.0,
                0.0,
                0.0
            ],
            "tl11@localhost": [
                0.0,
                0.0,
                0.76,
                0.78,
                0.88,
                1.06,
                0.81,
                0.55,
                0.0,
                0.0,
                0.0
            ],
            "tl13@localhost": [],
            "tl15@localhost": [
                0.0,
                0.0,
                0.0,
                0.0,
                0.43,
                0.54,
                0.61,
                0.5,
                0.64,
                0.28,
                0.09
            ],
            "tl16@localhost": [
                0.2,
                0.23,
                0.08
            ],
            "tl17@localhost": [
                0.0,
                0.0,
                0.0,
                0.27,
                0.4,
                0.47,
                0.4,
                0.43,
                0.4,
                0.17,
                0.15,
                0.0,
                0.0,
                0.0
            ],
            "tl18@localhost": [
                0.17,
                0.17,
                0.46,
                0.41,
                0.42,
                0.31,
                0.2
            ],
            "tl19@localhost": [
                0.0,
                0.0,
                0.0,
                0.0,
                0.0,
                0.0,
                0.0,
                0.0,
                0.0,
                0.0,
                0.2,
                0.08,
                0.21,
                0.0,
                0.0,
                0.08,
                0.0,
                0.0,
                0.0
            ],
            "tl1@localhost": [
                0.0,
                0.0,
                0.0,
                0.0,
                0.79,
                0.07,
                0.77,
                0.71,
                0.0,
                0.0,
                0.0,
                0.0,
                0.0
            ],
            "tl20@localhost": [
                0.15,
                0.35,
                0.25,
                0.38,
                0.39,
                0.09
            ],
            "tl21@localhost": [
                0.0,
                0.29,
                0.43,
                0.46,
                0.33,
                0.29,
                0.46,
                0.18,
                0.0,
                0.0,
                0.0,
                0.0,
                0.0
            ],
            "tl23@localhost": [
                0.0,
                0.0,
                0.0,
                0.0,
                0.21,
                0.2,
                0.25,
                0.06,
                0.2,
                0.08,
                0.26,
                0.08,
                0.3,
                0.0,
                0.0,
                0.0,
                0.0,
                0.0
            ],
            "tl24@localhost": [
                0.08
            ],
            "tl4@localhost": [],
            "tl5@localhost": [
                0.0,
                0.0,
                0.0,
                0.0,
                0.0,
                0.27,
                0.35,
                0.21,
                0.21,
                0.28,
                0.38,
                0.23,
                0.2,
                0.33,
                0.0,
                0.0,
                0.0,
                0.0
            ],
            "tl6@localhost": [
                0.0,
                0.17,
                0.08,
                0.0,
                0.0,
                0.0
            ],
            "tl7@localhost": [
                0.0,
                0.0,
                0.25,
                0.23,
                0.55,
                0.48,
                0.62,
                0.54,
                0.0,
                0.0,
                0.0
            ],
            "tl8@localhost": [
                0.35,
                0.35,
                0.57,
                0.47,
                0.39,
                0.36,
                0.08
            ],
            "tl9@localhost": [
                0.0,
                0.0,
                0.0,
                0.0,
                0.0,
                0.0,
                0.44,
                0.39,
                0.54,
                0.47,
                0.08,
                0.0,
                0.0
            ]
        },
        "global_green_light_utilization": 0.24
    },
    "total_simulation_duration": 106.37125039100647
}