{
    "car_summary": {
        "n_cars": 200,
        "sum_travel_time": 10058.270676374435,
        "min_travel_time": 14.558375120162964,
        "max_travel_time": 101.86104917526245,
        "sum_total_distance": 30574,
        "sum_free_flow_time": 3057.399999999998,
        "sum_waiting_at_lights": 3671.499999999992,
        "sum_waiting_behind_cars": 5109.70000000001
    },
    "traffic_light_summary": {
        "n_active_traffic_lights": 16,
        "avg_number_of_cycles": 9.6875,
        "avg_leaving_cars_per_cycle": 4.253977272727273,
        "avg_queue_pressure": 4.3545454545454545,
        "sum_tolerance_built_up": 3268.6999999999657,
        "total_time_lost": 91.79999999999997,
        "green_light_utilization_per_tl_per_cycle": {
            "tl10@localhost": [
                0.0,
                0.0,
                0.07,
                0.2,
                0.14,
                0.17,
                0.27,
                0.21,
                0.13,
                0.13,
                0.0
            ],
            "tl11@localhost": [
                0.0,
                0.47,
                0.57,
                0.53,
                0.62,
                0.67,
                0.57,
                0.59,
                0.23,
                0.0,
                0.0
            ],
            "tl13@localhost": [],
            "tl15@localhost": [
                0.0,
                0.03,
                0.4,
                0.37,
                0.47,
                0.69,
                0.57,
                0.45,
                0.5,
                0.13,
                0.1
            ],
            "tl16@localhost": [
                0.0,
                0.0,
                0.0,
                0.0,
                0.0,
                0.0,
                0.0,
                0.03,
                0.0,
                0.07,
                0.0
            ],
            "tl17@localhost": [
                0.0,
                0.1,
                0.27,
                0.4,
                0.47,
                0.3,
                0.1,
                0.14,
                0.07,
                0.1,
                0.0
            ],
            "tl18@localhost": [
                0.1,
                0.17,
                0.17,
                0.23,
                0.14,
                0.07,
                0.0,
                0.0,
                0.0,
                0.03
            ],
            "tl1@localhost": [
                0.0,
                0.0,
                0.0,
                0.0,
                0.23,
                0.0,
                0.0,
                0.0,
                0.0,
                0.0,
                0.0
            ],
            "tl20@localhost": [
                0.0,
                0.0,
                0.13,
                0.1,
                0.21,
                0.23,
                0.13,
                0.13,
                0.07,
                0.07,
                0.0
            ],
            "tl21@localhost": [
                0.0,
                0.0,
                0.0,
                0.0,
                0.13,
                0.21,
                0.0,
                0.0,
                0.0,
                0.0,
                0.0
            ],
            "tl23@localhost": [
                0.0,
                0.0,
                0.13,
                0.1,
                0.2,
                0.24,
                0.13,
                0.14,
                0.07,
                0.07,
                0.0
            ],
            "tl4@localhost": [],
            "tl5@localhost": [
                0.0,
                0.0,
                0.0,
                0.0,
                0.0,
                0.07,
                0.07,
                0.0,
                0.0,
                0.0,
                0.0
            ],
            "tl7@localhost": [
                0.0,
                0.17,
                0.3,
                0.3,
                0.37,
                0.2,
                0.0,
                0.0,
                0.0,
                0.0,
                0.0
            ],
            "tl8@localhost": [
                0.0,
                0.1,
                0.17,
                0.17,
                0.31,
                0.2,
                0.0,
                0.0,
                0.0,
                0.0,
                0.0
            ],
            "tl9@localhost": [
                0.0,
                0.0,
                0.0,
                0.07,
                0.2,
                0.2,
                0.23,
                0.28,
                0.2,
                0.13,
                0.13
            ]
        },
        "global_green_light_utilization": 0.12
    },
    "total_simulation_duration": 156.9127128124237
}