{
    "car_summary": {
        "n_cars": 200,
        "sum_travel_time": 6687.010962724686,
        "min_travel_time": 11.561475992202759,
        "max_travel_time": 54.051899671554565,
        "sum_total_distance": 30238,
        "sum_free_flow_time": 3023.799999999997,
        "sum_waiting_at_lights": 1764.5999999999985,
        "sum_waiting_behind_cars": 2403.299999999996
    },
    "traffic_light_summary": {
        "n_active_traffic_lights": 10,
        "avg_number_of_cycles": 12.7,
        "avg_leaving_cars_per_cycle": 4.993253968253968,
        "avg_queue_pressure": 6.738095238095238,
        "sum_tolerance_built_up": 1462.4000000000015,
        "total_time_lost": 76.19999999999999,
        "green_light_utilization_per_tl_per_cycle": {
            "tl10@localhost": [
                0.0,
                0.0,
                0.0,
                0.0,
                0.0,
                0.3,
                0.25,
                0.0,
                0.19,
                0.21,
                0.25,
                0.0,
                0.29,
                0.25,
                0.08,
                0.0,
                0.35,
                0.0,
                0.0,
                0.0
            ],
            "tl11@localhost": [
                0.0,
                0.0,
                0.57,
                0.55,
                0.53,
                0.53,
                0.59,
                0.53,
                0.55,
                0.64,
                0.1,
                0.0,
                0.0
            ],
            "tl15@localhost": [
                0.0,
                0.0,
                0.0,
                0.0,
                0.6,
                0.54,
                0.67,
                0.57,
                0.75,
                0.47,
                0.65,
                0.21,
                0.15,
                0.0
            ],
            "tl17@localhost": [
                0.0,
                0.0,
                0.0,
                0.27,
                0.28,
                0.44,
                0.38,
                0.33,
                0.33,
                0.43,
                0.38,
                0.2,
                0.25,
                0.0,
                0.21,
                0.08,
                0.0,
                0.0
            ],
            "tl18@localhost": [
                0.24,
                0.33,
                0.33,
                0.39,
                0.25,
                0.15
            ],
            "tl20@localhost": [
                0.39,
                0.38,
                0.3,
                0.25,
                0.15
            ],
            "tl23@localhost": [
                0.0,
                0.0,
                0.0,
                0.0,
                0.0,
                0.29,
                0.25,
                0.0,
                0.0,
                0.21,
                0.32,
                0.0,
                0.32,
                0.0,
                0.0,
                0.25,
                0.0,
                0.08,
                0.08,
                0.0
            ],
            "tl7@localhost": [
                0.0,
                0.0,
                0.25,
                0.2,
                0.38,
                0.42,
                0.2,
                0.0,
                0.0,
                0.0,
                0.0,
                0.0
            ],
            "tl8@localhost": [
                0.25,
                0.33,
                0.33,
                0.3
            ],
            "tl9@localhost": [
                0.0,
                0.0,
                0.0,
                0.0,
                0.0,
                0.0,
                0.29,
                0.25,
                0.07,
                0.3,
                0.25,
                0.26,
                0.32,
                0.35,
                0.0
            ]
        },
        "global_green_light_utilization": 0.27
    },
    "total_simulation_duration": 115.31097650527954
}