{
    "car_summary": {
        "n_cars": 200,
        "sum_travel_time": 5662.415299415588,
        "min_travel_time": 12.06233835220337,
        "max_travel_time": 53.362818479537964,
        "sum_total_distance": 34078,
        "sum_free_flow_time": 3407.7999999999984,
        "sum_waiting_at_lights": 1961.3999999999992,
        "sum_waiting_behind_cars": 1250.4999999999998
    },
    "traffic_light_summary": {
        "n_active_traffic_lights": 19,
        "avg_number_of_cycles": 11.947368421052632,
        "avg_leaving_cars_per_cycle": 6.097994987468672,
        "avg_queue_pressure": 3.132995951417004,
        "sum_tolerance_built_up": 1747.5000000000055,
        "total_time_lost": 134.99999999999997,
        "green_light_utilization_per_tl_per_cycle": {
            "tl10@localhost": [
                0.0,
                0.0,
                0.0,
                0.0,
                0.22,
                0.08,
                0.0,
                0.24,
                0.06,
                0.2,
                0.25,
                0.15,
                0.0,
                0.0
            ],
            "tl11@localhost": [
                0.0,
                0.0,
                0.81,
                0.78,
                0.5,
                0.88,
                0.47,
                0.8,
                0.5,
                0.0,
                0.0,
                0.0,
                0.0
            ],
            "tl13@localhost": [],
            "tl15@localhost": [
                0.0,
                0.0,
                0.0,
                0.44,
                0.45,
                0.43,
                0.52,
                0.56,
                0.54,
                0.39,
                0.25,
                0.0
            ],
            "tl16@localhost": [
                0.0,
                0.0,
                0.0,
                0.0,
                0.09,
                0.0,
                0.09,
                0.0,
                0.15,
                0.08,
                0.08,
                0.0,
                0.0
            ],
            "tl17@localhost": [
                0.0,
                0.0,
                0.08,
                0.41,
                0.38,
                0.55,
                0.39,
                0.28,
                0.3,
                0.15,
                0.08,
                0.0,
                0.0,
                0.0
            ],
            "tl18@localhost": [
                0.0,
                0.07,
                0.25,
                0.28,
                0.45,
                0.25,
                0.28,
                0.27,
                0.22,
                0.15,
                0.0,
                0.0
            ],
            "tl19@localhost": [
                0.0,
                0.0,
                0.0,
                0.0,
                0.0,
                0.0,
                0.17,
                0.08,
                0.08,
                0.0,
                0.2,
                0.0,
                0.15,
                0.0,
                0.0
            ],
            "tl1@localhost": [
                0.0,
                0.0,
                0.0,
                0.64,
                0.0,
                0.64,
                0.0,
                0.62,
                0.55,
                0.0,
                0.0,
                0.0,
                0.0
            ],
            "tl20@localhost": [
                0.0,
                0.0,
                0.0,
                0.17,
                0.28,
                0.25,
                0.46,
                0.42,
                0.2,
                0.27,
                0.15,
                0.0
            ],
            "tl21@localhost": [
                0.0,
                0.0,
                0.08,
                0.38,
                0.54,
                0.2,
                0.77,
                0.09,
                0.42,
                0.18,
                0.0,
                0.0,
                0.0,
                0.0
            ],
            "tl23@localhost": [
                0.0,
                0.0,
                0.0,
                0.15,
                0.28,
                0.2,
                0.36,
                0.2,
                0.35,
                0.0,
                0.27,
                0.08,
                0.0,
                0.0,
                0.0
            ],
            "tl24@localhost": [
                0.0,
                0.0,
                0.0,
                0.0,
                0.0,
                0.08,
                0.09,
                0.0,
                0.09,
                0.0,
                0.0,
                0.0,
                0.0
            ],
            "tl4@localhost": [],
            "tl5@localhost": [
                0.0,
                0.0,
                0.0,
                0.0,
                0.22,
                0.3,
                0.24,
                0.25,
                0.28,
                0.39,
                0.22,
                0.17,
                0.15,
                0.0
            ],
            "tl6@localhost": [
                0.0,
                0.0,
                0.0,
                0.0,
                0.08,
                0.0,
                0.0,
                0.0,
                0.08,
                0.0,
                0.09,
                0.0,
                0.0
            ],
            "tl7@localhost": [
                0.0,
                0.08,
                0.28,
                0.28,
                0.62,
                0.35,
                0.44,
                0.42,
                0.3,
                0.09,
                0.0,
                0.0,
                0.0
            ],
            "tl8@localhost": [
                0.0,
                0.0,
                0.22,
                0.42,
                0.31,
                0.25,
                0.46,
                0.11,
                0.28,
                0.29,
                0.0,
                0.0,
                0.0
            ],
            "tl9@localhost": [
                0.0,
                0.0,
                0.0,
                0.0,
                0.0,
                0.44,
                0.37,
                0.35,
                0.5,
                0.52,
                0.2,
                0.15
            ]
        },
        "global_green_light_utilization": 0.21
    },
    "total_simulation_duration": 105.79594922065735
}