{
    "car_summary": {
        "n_cars": 200,
        "sum_travel_time": 4410.293511867523,
        "min_travel_time": 11.762263536453247,
        "max_travel_time": 50.16204643249512,
        "sum_total_distance": 25008,
        "sum_free_flow_time": 2500.799999999998,
        "sum_waiting_at_lights": 1630.7000000000005,
        "sum_waiting_behind_cars": 1048.4000000000003
    },
    "traffic_light_summary": {
        "n_active_traffic_lights": 19,
        "avg_number_of_cycles": 11.31578947368421,
        "avg_leaving_cars_per_cycle": 5.736000841264,
        "avg_queue_pressure": 2.568733897681266,
        "sum_tolerance_built_up": 1433.1000000000042,
        "total_time_lost": 127.79999999999998,
        "green_light_utilization_per_tl_per_cycle": {
            "tl10@localhost": [
                0.0,
                0.0,
                0.0,
                0.15,
                0.0,
                0.0,
                0.0,
                0.2,
                0.2,
                0.21,
                0.0,
                0.0,
                0.0,
                0.0
            ],
            "tl11@localhost": [
                0.0,
                0.5,
                0.5,
                0.59,
                0.59,
                0.46,
                0.54,
                0.0,
                0.0,
                0.0,
                0.0,
                0.0
            ],
            "tl13@localhost": [],
            "tl15@localhost": [
                0.0,
                0.0,
                0.38,
                0.38,
                0.42,
                0.48,
                0.5,
                0.55,
                0.0,
                0.08,
                0.08
            ],
            "tl16@localhost": [
                0.0,
                0.0,
                0.0,
                0.0,
                0.0,
                0.0,
                0.08,
                0.0,
                0.0,
                0.0,
                0.08,
                0.0
            ],
            "tl17@localhost": [
                0.0,
                0.0,
                0.17,
                0.29,
                0.4,
                0.37,
                0.53,
                0.37,
                0.15,
                0.27,
                0.0,
                0.0,
                0.0
            ],
            "tl18@localhost": [
                0.0,
                0.25,
                0.21,
                0.28,
                0.44,
                0.31,
                0.38,
                0.08,
                0.0,
                0.0,
                0.0
            ],
            "tl19@localhost": [
                0.0,
                0.0,
                0.0,
                0.0,
                0.0,
                0.09,
                0.15,
                0.0,
                0.17,
                0.08,
                0.0,
                0.0,
                0.15,
                0.0
            ],
            "tl1@localhost": [
                0.0,
                0.0,
                0.29,
                0.33,
                0.3,
                0.28,
                0.29,
                0.24,
                0.23,
                0.0,
                0.0,
                0.0,
                0.0
            ],
            "tl20@localhost": [
                0.0,
                0.0,
                0.08,
                0.27,
                0.43,
                0.2,
                0.35,
                0.39,
                0.15,
                0.0,
                0.17
            ],
            "tl21@localhost": [
                0.0,
                0.0,
                0.2,
                0.31,
                0.4,
                0.15,
                0.31,
                0.44,
                0.0,
                0.0,
                0.0,
                0.0,
                0.0
            ],
            "tl23@localhost": [
                0.0,
                0.0,
                0.08,
                0.25,
                0.2,
                0.3,
                0.09,
                0.28,
                0.25,
                0.2,
                0.17,
                0.0,
                0.0,
                0.0
            ],
            "tl24@localhost": [
                0.0,
                0.0,
                0.0,
                0.0,
                0.0,
                0.08,
                0.0,
                0.0,
                0.0,
                0.0,
                0.0,
                0.0,
                0.0
            ],
            "tl4@localhost": [],
            "tl5@localhost": [
                0.0,
                0.0,
                0.08,
                0.35,
                0.25,
                0.3,
                0.15,
                0.4,
                0.27,
                0.2,
                0.27,
                0.0,
                0.0,
                0.0
            ],
            "tl6@localhost": [
                0.0,
                0.0,
                0.0,
                0.08,
                0.0,
                0.0,
                0.0,
                0.0,
                0.0,
                0.0,
                0.0,
                0.0
            ],
            "tl7@localhost": [
                0.0,
                0.08,
                0.28,
                0.38,
                0.4,
                0.44,
                0.42,
                0.47,
                0.0,
                0.08,
                0.0,
                0.0
            ],
            "tl8@localhost": [
                0.0,
                0.08,
                0.4,
                0.28,
                0.44,
                0.38,
                0.31,
                0.38,
                0.08,
                0.0,
                0.0,
                0.0
            ],
            "tl9@localhost": [
                0.0,
                0.0,
                0.0,
                0.11,
                0.44,
                0.3,
                0.48,
                0.42,
                0.35,
                0.27,
                0.0,
                0.0
            ]
        },
        "global_green_light_utilization": 0.2
    },
    "total_simulation_duration": 100.66316628456116
}