{
    "car_summary": {
        "n_cars": 200,
        "sum_travel_time": 6541.456784963608,
        "min_travel_time": 10.76334810256958,
        "max_travel_time": 53.56469202041626,
        "sum_total_distance": 30142,
        "sum_free_flow_time": 3014.1999999999975,
        "sum_waiting_at_lights": 1753.199999999999,
        "sum_waiting_behind_cars": 2296.899999999998
    },
    "traffic_light_summary": {
        "n_active_traffic_lights": 11,
        "avg_number_of_cycles": 14.181818181818182,
        "avg_leaving_cars_per_cycle": 3.622737556561086,
        "avg_queue_pressure": 5.2002813363107485,
        "sum_tolerance_built_up": 1581.100000000004,
        "total_time_lost": 93.59999999999997,
        "green_light_utilization_per_tl_per_cycle": {
            "tl10@localhost": [
                0.0,
                0.0,
                0.0,
                0.0,
                0.32,
                0.0,
                0.28,
                0.35,
                0.0,
                0.29,
                0.33,
                0.0,
                0.0,
                0.33,
                0.0,
                0.0
            ],
            "tl11@localhost": [
                0.0,
                0.0,
                0.55,
                0.56,
                0.56,
                0.52,
                0.62,
                0.5,
                0.55,
                0.6,
                0.0,
                0.0,
                0.0
            ],
            "tl15@localhost": [
                0.0,
                0.0,
                0.0,
                0.6,
                0.0,
                0.6,
                0.69,
                0.58,
                0.69,
                0.41,
                0.67,
                0.39,
                0.28,
                0.0
            ],
            "tl16@localhost": [
                0.0,
                0.0,
                0.0,
                0.0,
                0.0,
                0.0,
                0.0,
                0.0,
                0.0,
                0.0,
                0.15,
                0.0
            ],
            "tl17@localhost": [
                0.0,
                0.0,
                0.08,
                0.56,
                0.28,
                0.39,
                0.5,
                0.33,
                0.57,
                0.4,
                0.32,
                0.21,
                0.0,
                0.21,
                0.0,
                0.0
            ],
            "tl18@localhost": [
                0.0,
                0.11,
                0.3,
                0.2,
                0.33,
                0.2,
                0.3,
                0.2,
                0.08,
                0.0,
                0.21,
                0.0
            ],
            "tl20@localhost": [
                0.0,
                0.0,
                0.0,
                0.0,
                0.28,
                0.0,
                0.38,
                0.08,
                0.29,
                0.2,
                0.27,
                0.17,
                0.0
            ],
            "tl23@localhost": [
                0.0,
                0.0,
                0.0,
                0.0,
                0.28,
                0.0,
                0.28,
                0.25,
                0.08,
                0.28,
                0.21,
                0.0,
                0.22,
                0.17,
                0.0,
                0.0,
                0.0
            ],
            "tl7@localhost": [
                0.0,
                0.08,
                0.28,
                0.28,
                0.35,
                0.28,
                0.29,
                0.15,
                0.0,
                0.0,
                0.0,
                0.0,
                0.0
            ],
            "tl8@localhost": [
                0.0,
                0.0,
                0.15,
                0.3,
                0.0,
                0.21,
                0.33,
                0.0,
                0.21,
                0.2,
                0.0,
                0.0,
                0.0,
                0.0,
                0.0,
                0.0
            ],
            "tl9@localhost": [
                0.0,
                0.0,
                0.0,
                0.0,
                0.0,
                0.3,
                0.28,
                0.35,
                0.0,
                0.41,
                0.0,
                0.25,
                0.15,
                0.0
            ]
        },
        "global_green_light_utilization": 0.24
    },
    "total_simulation_duration": 115.57031679153442
}